,path,song
0,../../data/spectograms/less_than_zero/Less_than_zero-1715979790_0.jpg,6
1,../../data/spectograms/less_than_zero/Less_than_zero-1715979773_0.jpg,6
2,../../data/spectograms/less_than_zero/Less_than_zero-Neeha_8.jpg,6
3,../../data/spectograms/less_than_zero/Less_than_zero-Manvir_19.jpg,6
4,../../data/spectograms/less_than_zero/Less_than_zero-Manvir_18.jpg,6
5,../../data/spectograms/less_than_zero/Less_than_zero-Neeha_9.jpg,6
6,../../data/spectograms/less_than_zero/Less_than_zero-Manvir_8.jpg,6
7,../../data/spectograms/less_than_zero/Less_than_zero-Manvir_20.jpg,6
8,../../data/spectograms/less_than_zero/Less_than_zero-Manvir_9.jpg,6
9,../../data/spectograms/less_than_zero/Less_than_zero-Neeha_18.jpg,6
10,../../data/spectograms/less_than_zero/Less_than_zero-Neeha_19.jpg,6
11,../../data/spectograms/less_than_zero/Less_than_zero-1715979746_0.jpg,6
12,../../data/spectograms/less_than_zero/Less_than_zero-Neeha_2.jpg,6
13,../../data/spectograms/less_than_zero/Less_than_zero-Manvir_7.jpg,6
14,../../data/spectograms/less_than_zero/Less_than_zero-Manvir_13.jpg,6
15,../../data/spectograms/less_than_zero/Less_than_zero-Neeha_14.jpg,6
16,../../data/spectograms/less_than_zero/Less_than_zero-Neeha_15.jpg,6
17,../../data/spectograms/less_than_zero/Less_than_zero-Manvir_12.jpg,6
18,../../data/spectograms/less_than_zero/Less_than_zero-Manvir_6.jpg,6
19,../../data/spectograms/less_than_zero/Less_than_zero-Neeha_3.jpg,6
20,../../data/spectograms/less_than_zero/Less_than_zero-1715979760_0.jpg,6
21,../../data/spectograms/less_than_zero/Less_than_zero-Neeha_1.jpg,6
22,../../data/spectograms/less_than_zero/Less_than_zero-Manvir_4.jpg,6
23,../../data/spectograms/less_than_zero/Less_than_zero-Neeha_17.jpg,6
24,../../data/spectograms/less_than_zero/Less_than_zero-Manvir_10.jpg,6
25,../../data/spectograms/less_than_zero/Less_than_zero-Manvir_11.jpg,6
26,../../data/spectograms/less_than_zero/Less_than_zero-Neeha_16.jpg,6
27,../../data/spectograms/less_than_zero/Less_than_zero-Manvir_5.jpg,6
28,../../data/spectograms/less_than_zero/Less_than_zero-Neeha_0.jpg,6
29,../../data/spectograms/less_than_zero/Less_than_zero-Neeha_4.jpg,6
30,../../data/spectograms/less_than_zero/Less_than_zero-Manvir_1.jpg,6
31,../../data/spectograms/less_than_zero/Less_than_zero-Neeha_12.jpg,6
32,../../data/spectograms/less_than_zero/Less_than_zero-Manvir_15.jpg,6
33,../../data/spectograms/less_than_zero/Less_than_zero-Manvir_14.jpg,6
34,../../data/spectograms/less_than_zero/Less_than_zero-Neeha_13.jpg,6
35,../../data/spectograms/less_than_zero/Less_than_zero-Manvir_0.jpg,6
36,../../data/spectograms/less_than_zero/Less_than_zero-Neeha_5.jpg,6
37,../../data/spectograms/less_than_zero/Less_than_zero-Neeha_7.jpg,6
38,../../data/spectograms/less_than_zero/Less_than_zero-1715977998_0.jpg,6
39,../../data/spectograms/less_than_zero/Less_than_zero-Manvir_2.jpg,6
40,../../data/spectograms/less_than_zero/Less_than_zero-Manvir_16.jpg,6
41,../../data/spectograms/less_than_zero/Less_than_zero-Neeha_11.jpg,6
42,../../data/spectograms/less_than_zero/Less_than_zero-Neeha_10.jpg,6
43,../../data/spectograms/less_than_zero/Less_than_zero-Manvir_17.jpg,6
44,../../data/spectograms/less_than_zero/Less_than_zero-Manvir_3.jpg,6
45,../../data/spectograms/less_than_zero/Less_than_zero-Neeha_6.jpg,6
46,../../data/spectograms/take_my_breath/Take_my_breath-Arnav_1.jpg,11
47,../../data/spectograms/take_my_breath/Take_my_breath-Arnav_0.jpg,11
48,../../data/spectograms/take_my_breath/Take_my_breath-Arnav_2.jpg,11
49,../../data/spectograms/take_my_breath/Take_my_breath-Arnav_3.jpg,11
50,../../data/spectograms/take_my_breath/Take_my_breath-Arnav_7.jpg,11
51,../../data/spectograms/take_my_breath/Take_my_breath-Arnav_6.jpg,11
52,../../data/spectograms/take_my_breath/Take_my_breath-Arnav_10.jpg,11
53,../../data/spectograms/take_my_breath/Take_my_breath-Arnav_4.jpg,11
54,../../data/spectograms/take_my_breath/Take_my_breath-Arnav_5.jpg,11
55,../../data/spectograms/take_my_breath/Take_my_breath-1715978928_0.jpg,11
56,../../data/spectograms/take_my_breath/Take_my_breath-Manvir_0.jpg,11
57,../../data/spectograms/take_my_breath/Take_my_breath-Neeha_5.jpg,11
58,../../data/spectograms/take_my_breath/Take_my_breath-Neeha_13.jpg,11
59,../../data/spectograms/take_my_breath/Take_my_breath-Shank_19.jpg,11
60,../../data/spectograms/take_my_breath/Take_my_breath-Shank_24.jpg,11
61,../../data/spectograms/take_my_breath/Take_my_breath-Shank_18.jpg,11
62,../../data/spectograms/take_my_breath/Take_my_breath-Neeha_12.jpg,11
63,../../data/spectograms/take_my_breath/Take_my_breath-Neeha_4.jpg,11
64,../../data/spectograms/take_my_breath/Take_my_breath-Manvir_1.jpg,11
65,../../data/spectograms/take_my_breath/Take_my_breath-Manvir_3.jpg,11
66,../../data/spectograms/take_my_breath/Take_my_breath-Neeha_6.jpg,11
67,../../data/spectograms/take_my_breath/Take_my_breath-Neeha_10.jpg,11
68,../../data/spectograms/take_my_breath/Take_my_breath-1715978910_0.jpg,11
69,../../data/spectograms/take_my_breath/Take_my_breath-Neeha_11.jpg,11
70,../../data/spectograms/take_my_breath/Take_my_breath-Neeha_7.jpg,11
71,../../data/spectograms/take_my_breath/Take_my_breath-Manvir_2.jpg,11
72,../../data/spectograms/take_my_breath/Take_my_breath-Manvir_6.jpg,11
73,../../data/spectograms/take_my_breath/Take_my_breath-Manvir_10.jpg,11
74,../../data/spectograms/take_my_breath/Take_my_breath-1715976860_0.jpg,11
75,../../data/spectograms/take_my_breath/Take_my_breath-Neeha_3.jpg,11
76,../../data/spectograms/take_my_breath/Take_my_breath-Neeha_15.jpg,11
77,../../data/spectograms/take_my_breath/Take_my_breath-Neeha_29.jpg,11
78,../../data/spectograms/take_my_breath/Take_my_breath-Shank_23.jpg,11
79,../../data/spectograms/take_my_breath/Take_my_breath-Shank_22.jpg,11
80,../../data/spectograms/take_my_breath/Take_my_breath-Neeha_28.jpg,11
81,../../data/spectograms/take_my_breath/Take_my_breath-Neeha_14.jpg,11
82,../../data/spectograms/take_my_breath/Take_my_breath-Neeha_2.jpg,11
83,../../data/spectograms/take_my_breath/Take_my_breath-Manvir_7.jpg,11
84,../../data/spectograms/take_my_breath/Take_my_breath-Shank_9.jpg,11
85,../../data/spectograms/take_my_breath/Take_my_breath-Manvir_5.jpg,11
86,../../data/spectograms/take_my_breath/Take_my_breath-Neeha_0.jpg,11
87,../../data/spectograms/take_my_breath/Take_my_breath-Neeha_16.jpg,11
88,../../data/spectograms/take_my_breath/Take_my_breath-Shank_20.jpg,11
89,../../data/spectograms/take_my_breath/Take_my_breath-Shank_21.jpg,11
90,../../data/spectograms/take_my_breath/Take_my_breath-Neeha_17.jpg,11
91,../../data/spectograms/take_my_breath/Take_my_breath-Neeha_1.jpg,11
92,../../data/spectograms/take_my_breath/Take_my_breath-Manvir_4.jpg,11
93,../../data/spectograms/take_my_breath/Take_my_breath-Shank_8.jpg,11
94,../../data/spectograms/take_my_breath/Take_my_breath-Shank_5.jpg,11
95,../../data/spectograms/take_my_breath/Take_my_breath-Manvir_9.jpg,11
96,../../data/spectograms/take_my_breath/Take_my_breath-Neeha_26.jpg,11
97,../../data/spectograms/take_my_breath/Take_my_breath-Shank_10.jpg,11
98,../../data/spectograms/take_my_breath/Take_my_breath-Shank_11.jpg,11
99,../../data/spectograms/take_my_breath/Take_my_breath-Neeha_27.jpg,11
100,../../data/spectograms/take_my_breath/Take_my_breath-Manvir_8.jpg,11
101,../../data/spectograms/take_my_breath/Take_my_breath-Shank_4.jpg,11
102,../../data/spectograms/take_my_breath/Take_my_breath-Shank_6.jpg,11
103,../../data/spectograms/take_my_breath/Take_my_breath-Neeha_19.jpg,11
104,../../data/spectograms/take_my_breath/Take_my_breath-Neeha_25.jpg,11
105,../../data/spectograms/take_my_breath/Take_my_breath-Shank_13.jpg,11
106,../../data/spectograms/take_my_breath/Take_my_breath-Shank_12.jpg,11
107,../../data/spectograms/take_my_breath/Take_my_breath-Neeha_24.jpg,11
108,../../data/spectograms/take_my_breath/Take_my_breath-Neeha_18.jpg,11
109,../../data/spectograms/take_my_breath/Take_my_breath-Shank_7.jpg,11
110,../../data/spectograms/take_my_breath/Take_my_breath-Shank_3.jpg,11
111,../../data/spectograms/take_my_breath/Take_my_breath-Neeha_20.jpg,11
112,../../data/spectograms/take_my_breath/Take_my_breath-Shank_16.jpg,11
113,../../data/spectograms/take_my_breath/Take_my_breath-Shank_17.jpg,11
114,../../data/spectograms/take_my_breath/Take_my_breath-Neeha_21.jpg,11
115,../../data/spectograms/take_my_breath/Take_my_breath-Shank_2.jpg,11
116,../../data/spectograms/take_my_breath/Take_my_breath-Shank_0.jpg,11
117,../../data/spectograms/take_my_breath/Take_my_breath-Neeha_9.jpg,11
118,../../data/spectograms/take_my_breath/Take_my_breath-Neeha_23.jpg,11
119,../../data/spectograms/take_my_breath/Take_my_breath-Shank_15.jpg,11
120,../../data/spectograms/take_my_breath/Take_my_breath-Shank_14.jpg,11
121,../../data/spectograms/take_my_breath/Take_my_breath-Neeha_22.jpg,11
122,../../data/spectograms/take_my_breath/Take_my_breath-Neeha_8.jpg,11
123,../../data/spectograms/take_my_breath/Take_my_breath-Shank_1.jpg,11
124,../../data/spectograms/take_my_breath/Take_my_breath-Arnav_8.jpg,11
125,../../data/spectograms/take_my_breath/Take_my_breath-Arnav_9.jpg,11
126,../../data/spectograms/take_my_breath/Take_my_breath-1715977970_0.jpg,11
127,../../data/spectograms/take_my_breath/Take_my_breath-1715978878_0.jpg,11
128,../../data/spectograms/save_your_tears/Save_your_tears-Neeha_9.jpg,13
129,../../data/spectograms/save_your_tears/Save_your_tears-Neeha_8.jpg,13
130,../../data/spectograms/save_your_tears/Save_your_tears-Manvir_2.jpg,13
131,../../data/spectograms/save_your_tears/Save_your_tears-Manvir_21.jpg,13
132,../../data/spectograms/save_your_tears/Save_your_tears-Neeha_11.jpg,13
133,../../data/spectograms/save_your_tears/Save_your_tears-Neeha_10.jpg,13
134,../../data/spectograms/save_your_tears/Save_your_tears-Manvir_20.jpg,13
135,../../data/spectograms/save_your_tears/Save_your_tears-Manvir_3.jpg,13
136,../../data/spectograms/save_your_tears/Save_your_tears-Manvir_1.jpg,13
137,../../data/spectograms/save_your_tears/Save_your_tears-Neeha_12.jpg,13
138,../../data/spectograms/save_your_tears/Save_your_tears-Neeha_13.jpg,13
139,../../data/spectograms/save_your_tears/Save_your_tears-Manvir_0.jpg,13
140,../../data/spectograms/save_your_tears/Save_your_tears-Manvir_4.jpg,13
141,../../data/spectograms/save_your_tears/Save_your_tears-Neeha_17.jpg,13
142,../../data/spectograms/save_your_tears/Save_your_tears-Neeha_16.jpg,13
143,../../data/spectograms/save_your_tears/Save_your_tears-Manvir_5.jpg,13
144,../../data/spectograms/save_your_tears/Save_your_tears-Manvir_7.jpg,13
145,../../data/spectograms/save_your_tears/Save_your_tears-Manvir_18.jpg,13
146,../../data/spectograms/save_your_tears/Save_your_tears-Neeha_14.jpg,13
147,../../data/spectograms/save_your_tears/Save_your_tears-Neeha_15.jpg,13
148,../../data/spectograms/save_your_tears/Save_your_tears-Manvir_19.jpg,13
149,../../data/spectograms/save_your_tears/Save_your_tears-Manvir_6.jpg,13
150,../../data/spectograms/save_your_tears/Save_your_tears-Manvir_14.jpg,13
151,../../data/spectograms/save_your_tears/Save_your_tears-Neeha_18.jpg,13
152,../../data/spectograms/save_your_tears/Save_your_tears-Neeha_19.jpg,13
153,../../data/spectograms/save_your_tears/Save_your_tears-Manvir_15.jpg,13
154,../../data/spectograms/save_your_tears/Save_your_tears-Manvir_8.jpg,13
155,../../data/spectograms/save_your_tears/Save_your_tears-Manvir_17.jpg,13
156,../../data/spectograms/save_your_tears/Save_your_tears-Manvir_16.jpg,13
157,../../data/spectograms/save_your_tears/Save_your_tears-Manvir_9.jpg,13
158,../../data/spectograms/save_your_tears/Save_your_tears-Manvir_12.jpg,13
159,../../data/spectograms/save_your_tears/Save_your_tears-Manvir_13.jpg,13
160,../../data/spectograms/save_your_tears/Save_your_tears-Manvir_11.jpg,13
161,../../data/spectograms/save_your_tears/Save_your_tears-Neeha_20.jpg,13
162,../../data/spectograms/save_your_tears/Save_your_tears-Manvir_10.jpg,13
163,../../data/spectograms/save_your_tears/Save_your_tears-Neeha_3.jpg,13
164,../../data/spectograms/save_your_tears/Save_your_tears-Neeha_2.jpg,13
165,../../data/spectograms/save_your_tears/Save_your_tears-Neeha_0.jpg,13
166,../../data/spectograms/save_your_tears/Save_your_tears-Neeha_1.jpg,13
167,../../data/spectograms/save_your_tears/Save_your_tears-Neeha_5.jpg,13
168,../../data/spectograms/save_your_tears/Save_your_tears-Neeha_4.jpg,13
169,../../data/spectograms/save_your_tears/Save_your_tears-Neeha_6.jpg,13
170,../../data/spectograms/save_your_tears/Save_your_tears-Neeha_7.jpg,13
171,../../data/spectograms/starboy/Starboy-Neeha_3.jpg,14
172,../../data/spectograms/starboy/Starboy-Neeha_2.jpg,14
173,../../data/spectograms/starboy/Starboy-Neeha_0.jpg,14
174,../../data/spectograms/starboy/Starboy-Neeha_1.jpg,14
175,../../data/spectograms/starboy/Starboy-Neeha_5.jpg,14
176,../../data/spectograms/starboy/Starboy-Neeha_4.jpg,14
177,../../data/spectograms/starboy/Starboy-Neeha_6.jpg,14
178,../../data/spectograms/starboy/Starboy-Neeha_7.jpg,14
179,../../data/spectograms/starboy/Starboy-Neeha_14.jpg,14
180,../../data/spectograms/starboy/Starboy-Manvir_14.jpg,14
181,../../data/spectograms/starboy/Starboy-Manvir_7.jpg,14
182,../../data/spectograms/starboy/Starboy-Manvir_6.jpg,14
183,../../data/spectograms/starboy/Starboy-Manvir_15.jpg,14
184,../../data/spectograms/starboy/Starboy-Neeha_15.jpg,14
185,../../data/spectograms/starboy/Starboy-Neeha_17.jpg,14
186,../../data/spectograms/starboy/Starboy-Manvir_17.jpg,14
187,../../data/spectograms/starboy/Starboy-Manvir_4.jpg,14
188,../../data/spectograms/starboy/Starboy-Manvir_5.jpg,14
189,../../data/spectograms/starboy/Starboy-Manvir_16.jpg,14
190,../../data/spectograms/starboy/Starboy-Neeha_16.jpg,14
191,../../data/spectograms/starboy/Starboy-Neeha_12.jpg,14
192,../../data/spectograms/starboy/Starboy-Manvir_12.jpg,14
193,../../data/spectograms/starboy/Starboy-Manvir_1.jpg,14
194,../../data/spectograms/starboy/Starboy-Manvir_0.jpg,14
195,../../data/spectograms/starboy/Starboy-Manvir_13.jpg,14
196,../../data/spectograms/starboy/Starboy-Neeha_13.jpg,14
197,../../data/spectograms/starboy/Starboy-Neeha_11.jpg,14
198,../../data/spectograms/starboy/Starboy-Manvir_11.jpg,14
199,../../data/spectograms/starboy/Starboy-Manvir_2.jpg,14
200,../../data/spectograms/starboy/Starboy-Manvir_3.jpg,14
201,../../data/spectograms/starboy/Starboy-Manvir_10.jpg,14
202,../../data/spectograms/starboy/Starboy-Neeha_10.jpg,14
203,../../data/spectograms/starboy/Starboy-Neeha_21.jpg,14
204,../../data/spectograms/starboy/Starboy-Manvir_21.jpg,14
205,../../data/spectograms/starboy/Starboy-Manvir_20.jpg,14
206,../../data/spectograms/starboy/Starboy-Neeha_20.jpg,14
207,../../data/spectograms/starboy/Starboy-Manvir_22.jpg,14
208,../../data/spectograms/starboy/Starboy-Manvir_8.jpg,14
209,../../data/spectograms/starboy/Starboy-Manvir_9.jpg,14
210,../../data/spectograms/starboy/Starboy-Neeha_18.jpg,14
211,../../data/spectograms/starboy/Starboy-Manvir_18.jpg,14
212,../../data/spectograms/starboy/Starboy-Manvir_19.jpg,14
213,../../data/spectograms/starboy/Starboy-Neeha_19.jpg,14
214,../../data/spectograms/starboy/Starboy-Neeha_9.jpg,14
215,../../data/spectograms/starboy/Starboy-Neeha_8.jpg,14
216,../../data/spectograms/sacrifice/Sacrifice-Manvir_12.jpg,8
217,../../data/spectograms/sacrifice/Sacrifice-Manvir_0.jpg,8
218,../../data/spectograms/sacrifice/Sacrifice-Shank_5.jpg,8
219,../../data/spectograms/sacrifice/Sacrifice-Shank_4.jpg,8
220,../../data/spectograms/sacrifice/Sacrifice-Manvir_1.jpg,8
221,../../data/spectograms/sacrifice/Sacrifice-Manvir_13.jpg,8
222,../../data/spectograms/sacrifice/Sacrifice-Manvir_11.jpg,8
223,../../data/spectograms/sacrifice/Sacrifice-Manvir_3.jpg,8
224,../../data/spectograms/sacrifice/Sacrifice-Shank_6.jpg,8
225,../../data/spectograms/sacrifice/Sacrifice-Shank_7.jpg,8
226,../../data/spectograms/sacrifice/Sacrifice-Manvir_2.jpg,8
227,../../data/spectograms/sacrifice/Sacrifice-Manvir_10.jpg,8
228,../../data/spectograms/sacrifice/Sacrifice-Manvir_14.jpg,8
229,../../data/spectograms/sacrifice/Sacrifice-Manvir_6.jpg,8
230,../../data/spectograms/sacrifice/Sacrifice-Shank_3.jpg,8
231,../../data/spectograms/sacrifice/Sacrifice-Shank_2.jpg,8
232,../../data/spectograms/sacrifice/Sacrifice-Manvir_7.jpg,8
233,../../data/spectograms/sacrifice/Sacrifice-Manvir_15.jpg,8
234,../../data/spectograms/sacrifice/Sacrifice-Manvir_17.jpg,8
235,../../data/spectograms/sacrifice/Sacrifice-Manvir_5.jpg,8
236,../../data/spectograms/sacrifice/Sacrifice-Shank_0.jpg,8
237,../../data/spectograms/sacrifice/Sacrifice-Shank_1.jpg,8
238,../../data/spectograms/sacrifice/Sacrifice-Manvir_4.jpg,8
239,../../data/spectograms/sacrifice/Sacrifice-Manvir_16.jpg,8
240,../../data/spectograms/sacrifice/Sacrifice-Arnav_8.jpg,8
241,../../data/spectograms/sacrifice/Sacrifice-1715981341_0.jpg,8
242,../../data/spectograms/sacrifice/Sacrifice-Arnav_17.jpg,8
243,../../data/spectograms/sacrifice/Sacrifice-Arnav_16.jpg,8
244,../../data/spectograms/sacrifice/Sacrifice-Arnav_9.jpg,8
245,../../data/spectograms/sacrifice/Sacrifice-Arnav_14.jpg,8
246,../../data/spectograms/sacrifice/Sacrifice-1715981322_0.jpg,8
247,../../data/spectograms/sacrifice/Sacrifice-Arnav_15.jpg,8
248,../../data/spectograms/sacrifice/Sacrifice-Arnav_11.jpg,8
249,../../data/spectograms/sacrifice/Sacrifice-Arnav_10.jpg,8
250,../../data/spectograms/sacrifice/Sacrifice-Arnav_12.jpg,8
251,../../data/spectograms/sacrifice/Sacrifice-Arnav_13.jpg,8
252,../../data/spectograms/sacrifice/Sacrifice-Arnav_1.jpg,8
253,../../data/spectograms/sacrifice/Sacrifice-Arnav_0.jpg,8
254,../../data/spectograms/sacrifice/Sacrifice-Arnav_2.jpg,8
255,../../data/spectograms/sacrifice/Sacrifice-Arnav_3.jpg,8
256,../../data/spectograms/sacrifice/Sacrifice-Arnav_7.jpg,8
257,../../data/spectograms/sacrifice/Sacrifice-1715981356_0.jpg,8
258,../../data/spectograms/sacrifice/Sacrifice-Arnav_6.jpg,8
259,../../data/spectograms/sacrifice/Sacrifice-Arnav_4.jpg,8
260,../../data/spectograms/sacrifice/Sacrifice-Arnav_5.jpg,8
261,../../data/spectograms/sacrifice/Sacrifice-Manvir_9.jpg,8
262,../../data/spectograms/sacrifice/Sacrifice-Shank_10.jpg,8
263,../../data/spectograms/sacrifice/Sacrifice-Shank_11.jpg,8
264,../../data/spectograms/sacrifice/Sacrifice-Manvir_8.jpg,8
265,../../data/spectograms/sacrifice/Sacrifice-Shank_13.jpg,8
266,../../data/spectograms/sacrifice/Sacrifice-Shank_12.jpg,8
267,../../data/spectograms/sacrifice/Sacrifice-Shank_16.jpg,8
268,../../data/spectograms/sacrifice/Sacrifice-1715981309_0.jpg,8
269,../../data/spectograms/sacrifice/Sacrifice-Shank_17.jpg,8
270,../../data/spectograms/sacrifice/Sacrifice-Shank_15.jpg,8
271,../../data/spectograms/sacrifice/Sacrifice-Shank_9.jpg,8
272,../../data/spectograms/sacrifice/Sacrifice-Shank_8.jpg,8
273,../../data/spectograms/sacrifice/Sacrifice-Shank_14.jpg,8
274,../../data/spectograms/gasoline/Gasoline-Neeha_14.jpg,1
275,../../data/spectograms/gasoline/Gasoline-Manvir_7.jpg,1
276,../../data/spectograms/gasoline/Gasoline-Neeha_5.jpg,1
277,../../data/spectograms/gasoline/Gasoline-Manvir_17.jpg,1
278,../../data/spectograms/gasoline/Gasoline-Manvir_16.jpg,1
279,../../data/spectograms/gasoline/Gasoline-Neeha_4.jpg,1
280,../../data/spectograms/gasoline/Gasoline-Manvir_6.jpg,1
281,../../data/spectograms/gasoline/Gasoline-Neeha_15.jpg,1
282,../../data/spectograms/gasoline/Gasoline-Neeha_17.jpg,1
283,../../data/spectograms/gasoline/Gasoline-Manvir_4.jpg,1
284,../../data/spectograms/gasoline/Gasoline-Neeha_6.jpg,1
285,../../data/spectograms/gasoline/Gasoline-1715980898_0.jpg,1
286,../../data/spectograms/gasoline/Gasoline-Manvir_14.jpg,1
287,../../data/spectograms/gasoline/Gasoline-Manvir_15.jpg,1
288,../../data/spectograms/gasoline/Gasoline-Neeha_7.jpg,1
289,../../data/spectograms/gasoline/Gasoline-Manvir_5.jpg,1
290,../../data/spectograms/gasoline/Gasoline-1715977915_0.jpg,1
291,../../data/spectograms/gasoline/Gasoline-Neeha_16.jpg,1
292,../../data/spectograms/gasoline/Gasoline-Neeha_12.jpg,1
293,../../data/spectograms/gasoline/Gasoline-Shank_18.jpg,1
294,../../data/spectograms/gasoline/Gasoline-Manvir_1.jpg,1
295,../../data/spectograms/gasoline/Gasoline-Neeha_3.jpg,1
296,../../data/spectograms/gasoline/Gasoline-Manvir_11.jpg,1
297,../../data/spectograms/gasoline/Gasoline-Manvir_10.jpg,1
298,../../data/spectograms/gasoline/Gasoline-Neeha_2.jpg,1
299,../../data/spectograms/gasoline/Gasoline-Manvir_0.jpg,1
300,../../data/spectograms/gasoline/Gasoline-Neeha_13.jpg,1
301,../../data/spectograms/gasoline/Gasoline-Neeha_11.jpg,1
302,../../data/spectograms/gasoline/Gasoline-Manvir_2.jpg,1
303,../../data/spectograms/gasoline/Gasoline-Neeha_0.jpg,1
304,../../data/spectograms/gasoline/Gasoline-Shank_9.jpg,1
305,../../data/spectograms/gasoline/Gasoline-Manvir_12.jpg,1
306,../../data/spectograms/gasoline/Gasoline-Manvir_13.jpg,1
307,../../data/spectograms/gasoline/Gasoline-Shank_8.jpg,1
308,../../data/spectograms/gasoline/Gasoline-Neeha_1.jpg,1
309,../../data/spectograms/gasoline/Gasoline-Manvir_3.jpg,1
310,../../data/spectograms/gasoline/Gasoline-Neeha_10.jpg,1
311,../../data/spectograms/gasoline/Gasoline-Arnav_1.jpg,1
312,../../data/spectograms/gasoline/Gasoline-Arnav_10.jpg,1
313,../../data/spectograms/gasoline/Gasoline-Arnav_11.jpg,1
314,../../data/spectograms/gasoline/Gasoline-Arnav_0.jpg,1
315,../../data/spectograms/gasoline/Gasoline-Arnav_2.jpg,1
316,../../data/spectograms/gasoline/Gasoline-1715980882_0.jpg,1
317,../../data/spectograms/gasoline/Gasoline-Arnav_13.jpg,1
318,../../data/spectograms/gasoline/Gasoline-Arnav_12.jpg,1
319,../../data/spectograms/gasoline/Gasoline-Arnav_3.jpg,1
320,../../data/spectograms/gasoline/Gasoline-Arnav_7.jpg,1
321,../../data/spectograms/gasoline/Gasoline-Arnav_16.jpg,1
322,../../data/spectograms/gasoline/Gasoline-Arnav_17.jpg,1
323,../../data/spectograms/gasoline/Gasoline-Arnav_6.jpg,1
324,../../data/spectograms/gasoline/Gasoline-Arnav_4.jpg,1
325,../../data/spectograms/gasoline/Gasoline-Arnav_15.jpg,1
326,../../data/spectograms/gasoline/Gasoline-Arnav_14.jpg,1
327,../../data/spectograms/gasoline/Gasoline-Arnav_5.jpg,1
328,../../data/spectograms/gasoline/Gasoline-Arnav_8.jpg,1
329,../../data/spectograms/gasoline/Gasoline-Arnav_19.jpg,1
330,../../data/spectograms/gasoline/Gasoline-Arnav_18.jpg,1
331,../../data/spectograms/gasoline/Gasoline-Arnav_9.jpg,1
332,../../data/spectograms/gasoline/Gasoline-1715980855_0.jpg,1
333,../../data/spectograms/gasoline/Gasoline-Shank_17.jpg,1
334,../../data/spectograms/gasoline/Gasoline-Shank_5.jpg,1
335,../../data/spectograms/gasoline/Gasoline-Shank_4.jpg,1
336,../../data/spectograms/gasoline/Gasoline-Shank_16.jpg,1
337,../../data/spectograms/gasoline/Gasoline-Shank_14.jpg,1
338,../../data/spectograms/gasoline/Gasoline-Shank_6.jpg,1
339,../../data/spectograms/gasoline/Gasoline-Shank_7.jpg,1
340,../../data/spectograms/gasoline/Gasoline-Shank_15.jpg,1
341,../../data/spectograms/gasoline/Gasoline-1715977262_0.jpg,1
342,../../data/spectograms/gasoline/Gasoline-Shank_11.jpg,1
343,../../data/spectograms/gasoline/Gasoline-Manvir_8.jpg,1
344,../../data/spectograms/gasoline/Gasoline-Manvir_18.jpg,1
345,../../data/spectograms/gasoline/Gasoline-Shank_3.jpg,1
346,../../data/spectograms/gasoline/Gasoline-1715980869_0.jpg,1
347,../../data/spectograms/gasoline/Gasoline-Shank_2.jpg,1
348,../../data/spectograms/gasoline/Gasoline-Manvir_19.jpg,1
349,../../data/spectograms/gasoline/Gasoline-Manvir_9.jpg,1
350,../../data/spectograms/gasoline/Gasoline-Shank_10.jpg,1
351,../../data/spectograms/gasoline/Gasoline-1715977898_0.jpg,1
352,../../data/spectograms/gasoline/Gasoline-Neeha_18.jpg,1
353,../../data/spectograms/gasoline/Gasoline-Shank_12.jpg,1
354,../../data/spectograms/gasoline/Gasoline-Neeha_9.jpg,1
355,../../data/spectograms/gasoline/Gasoline-Shank_0.jpg,1
356,../../data/spectograms/gasoline/Gasoline-1715977883_0.jpg,1
357,../../data/spectograms/gasoline/Gasoline-Shank_1.jpg,1
358,../../data/spectograms/gasoline/Gasoline-Neeha_8.jpg,1
359,../../data/spectograms/gasoline/Gasoline-Shank_13.jpg,1
360,../../data/spectograms/dont_break_my_heart/Dont_break_my_heart-Neeha_8.jpg,4
361,../../data/spectograms/dont_break_my_heart/Dont_break_my_heart-Neeha_9.jpg,4
362,../../data/spectograms/dont_break_my_heart/Dont_break_my_heart-Neeha_10.jpg,4
363,../../data/spectograms/dont_break_my_heart/Dont_break_my_heart-Manvir_19.jpg,4
364,../../data/spectograms/dont_break_my_heart/Dont_break_my_heart-Manvir_3.jpg,4
365,../../data/spectograms/dont_break_my_heart/Dont_break_my_heart-Manvir_2.jpg,4
366,../../data/spectograms/dont_break_my_heart/Dont_break_my_heart-Manvir_18.jpg,4
367,../../data/spectograms/dont_break_my_heart/Dont_break_my_heart-Neeha_11.jpg,4
368,../../data/spectograms/dont_break_my_heart/Dont_break_my_heart-Neeha_13.jpg,4
369,../../data/spectograms/dont_break_my_heart/Dont_break_my_heart-Manvir_0.jpg,4
370,../../data/spectograms/dont_break_my_heart/Dont_break_my_heart-Manvir_1.jpg,4
371,../../data/spectograms/dont_break_my_heart/Dont_break_my_heart-Neeha_12.jpg,4
372,../../data/spectograms/dont_break_my_heart/Dont_break_my_heart-Neeha_16.jpg,4
373,../../data/spectograms/dont_break_my_heart/Dont_break_my_heart-Manvir_5.jpg,4
374,../../data/spectograms/dont_break_my_heart/Dont_break_my_heart-Manvir_4.jpg,4
375,../../data/spectograms/dont_break_my_heart/Dont_break_my_heart-Neeha_17.jpg,4
376,../../data/spectograms/dont_break_my_heart/Dont_break_my_heart-Neeha_15.jpg,4
377,../../data/spectograms/dont_break_my_heart/Dont_break_my_heart-Manvir_6.jpg,4
378,../../data/spectograms/dont_break_my_heart/Dont_break_my_heart-Manvir_7.jpg,4
379,../../data/spectograms/dont_break_my_heart/Dont_break_my_heart-Neeha_14.jpg,4
380,../../data/spectograms/dont_break_my_heart/Dont_break_my_heart-Manvir_10.jpg,4
381,../../data/spectograms/dont_break_my_heart/Dont_break_my_heart-Manvir_11.jpg,4
382,../../data/spectograms/dont_break_my_heart/Dont_break_my_heart-Manvir_13.jpg,4
383,../../data/spectograms/dont_break_my_heart/Dont_break_my_heart-Manvir_9.jpg,4
384,../../data/spectograms/dont_break_my_heart/Dont_break_my_heart-Manvir_8.jpg,4
385,../../data/spectograms/dont_break_my_heart/Dont_break_my_heart-Manvir_12.jpg,4
386,../../data/spectograms/dont_break_my_heart/Dont_break_my_heart-Manvir_16.jpg,4
387,../../data/spectograms/dont_break_my_heart/Dont_break_my_heart-Manvir_17.jpg,4
388,../../data/spectograms/dont_break_my_heart/Dont_break_my_heart-Manvir_15.jpg,4
389,../../data/spectograms/dont_break_my_heart/Dont_break_my_heart-Manvir_14.jpg,4
390,../../data/spectograms/dont_break_my_heart/Dont_break_my_heart-Neeha_1.jpg,4
391,../../data/spectograms/dont_break_my_heart/Dont_break_my_heart-Neeha_0.jpg,4
392,../../data/spectograms/dont_break_my_heart/Dont_break_my_heart-Neeha_2.jpg,4
393,../../data/spectograms/dont_break_my_heart/Dont_break_my_heart-Neeha_3.jpg,4
394,../../data/spectograms/dont_break_my_heart/Dont_break_my_heart-Neeha_7.jpg,4
395,../../data/spectograms/dont_break_my_heart/Dont_break_my_heart-Neeha_6.jpg,4
396,../../data/spectograms/dont_break_my_heart/Dont_break_my_heart-Neeha_4.jpg,4
397,../../data/spectograms/dont_break_my_heart/Dont_break_my_heart-Neeha_5.jpg,4
398,../../data/spectograms/starry_eyes/Starry_eyes-Neeha_8.jpg,10
399,../../data/spectograms/starry_eyes/Starry_eyes-Manvir_9.jpg,10
400,../../data/spectograms/starry_eyes/Starry_eyes-Manvir_8.jpg,10
401,../../data/spectograms/starry_eyes/Starry_eyes-Neeha_9.jpg,10
402,../../data/spectograms/starry_eyes/Starry_eyes-Manvir_10.jpg,10
403,../../data/spectograms/starry_eyes/Starry_eyes-Manvir_11.jpg,10
404,../../data/spectograms/starry_eyes/Starry_eyes-Manvir_13.jpg,10
405,../../data/spectograms/starry_eyes/Starry_eyes-Manvir_12.jpg,10
406,../../data/spectograms/starry_eyes/Starry_eyes-Neeha_1.jpg,10
407,../../data/spectograms/starry_eyes/Starry_eyes-Manvir_0.jpg,10
408,../../data/spectograms/starry_eyes/Starry_eyes-Neeha_12.jpg,10
409,../../data/spectograms/starry_eyes/Starry_eyes-Manvir_1.jpg,10
410,../../data/spectograms/starry_eyes/Starry_eyes-Neeha_0.jpg,10
411,../../data/spectograms/starry_eyes/Starry_eyes-Neeha_2.jpg,10
412,../../data/spectograms/starry_eyes/Starry_eyes-Manvir_3.jpg,10
413,../../data/spectograms/starry_eyes/Starry_eyes-Neeha_10.jpg,10
414,../../data/spectograms/starry_eyes/Starry_eyes-Neeha_11.jpg,10
415,../../data/spectograms/starry_eyes/Starry_eyes-Manvir_2.jpg,10
416,../../data/spectograms/starry_eyes/Starry_eyes-Neeha_3.jpg,10
417,../../data/spectograms/starry_eyes/Starry_eyes-Neeha_7.jpg,10
418,../../data/spectograms/starry_eyes/Starry_eyes-Manvir_6.jpg,10
419,../../data/spectograms/starry_eyes/Starry_eyes-Manvir_7.jpg,10
420,../../data/spectograms/starry_eyes/Starry_eyes-Neeha_6.jpg,10
421,../../data/spectograms/starry_eyes/Starry_eyes-Neeha_4.jpg,10
422,../../data/spectograms/starry_eyes/Starry_eyes-Manvir_5.jpg,10
423,../../data/spectograms/starry_eyes/Starry_eyes-Manvir_4.jpg,10
424,../../data/spectograms/starry_eyes/Starry_eyes-Neeha_5.jpg,10
425,../../data/spectograms/i_feel_it_coming/I_feel_it_coming-Manvir_19.jpg,12
426,../../data/spectograms/i_feel_it_coming/I_feel_it_coming-Manvir_25.jpg,12
427,../../data/spectograms/i_feel_it_coming/I_feel_it_coming-Manvir_24.jpg,12
428,../../data/spectograms/i_feel_it_coming/I_feel_it_coming-Manvir_18.jpg,12
429,../../data/spectograms/i_feel_it_coming/I_feel_it_coming-Manvir_26.jpg,12
430,../../data/spectograms/i_feel_it_coming/I_feel_it_coming-Manvir_23.jpg,12
431,../../data/spectograms/i_feel_it_coming/I_feel_it_coming-Manvir_22.jpg,12
432,../../data/spectograms/i_feel_it_coming/I_feel_it_coming-Manvir_20.jpg,12
433,../../data/spectograms/i_feel_it_coming/I_feel_it_coming-Manvir_21.jpg,12
434,../../data/spectograms/i_feel_it_coming/I_feel_it_coming-Neeha_2.jpg,12
435,../../data/spectograms/i_feel_it_coming/I_feel_it_coming-Neeha_15.jpg,12
436,../../data/spectograms/i_feel_it_coming/I_feel_it_coming-Manvir_6.jpg,12
437,../../data/spectograms/i_feel_it_coming/I_feel_it_coming-Manvir_7.jpg,12
438,../../data/spectograms/i_feel_it_coming/I_feel_it_coming-Neeha_14.jpg,12
439,../../data/spectograms/i_feel_it_coming/I_feel_it_coming-Neeha_3.jpg,12
440,../../data/spectograms/i_feel_it_coming/I_feel_it_coming-Neeha_1.jpg,12
441,../../data/spectograms/i_feel_it_coming/I_feel_it_coming-Neeha_16.jpg,12
442,../../data/spectograms/i_feel_it_coming/I_feel_it_coming-Manvir_5.jpg,12
443,../../data/spectograms/i_feel_it_coming/I_feel_it_coming-Manvir_4.jpg,12
444,../../data/spectograms/i_feel_it_coming/I_feel_it_coming-Neeha_17.jpg,12
445,../../data/spectograms/i_feel_it_coming/I_feel_it_coming-Neeha_0.jpg,12
446,../../data/spectograms/i_feel_it_coming/I_feel_it_coming-Neeha_4.jpg,12
447,../../data/spectograms/i_feel_it_coming/I_feel_it_coming-Neeha_13.jpg,12
448,../../data/spectograms/i_feel_it_coming/I_feel_it_coming-Manvir_0.jpg,12
449,../../data/spectograms/i_feel_it_coming/I_feel_it_coming-Manvir_1.jpg,12
450,../../data/spectograms/i_feel_it_coming/I_feel_it_coming-Neeha_12.jpg,12
451,../../data/spectograms/i_feel_it_coming/I_feel_it_coming-Neeha_5.jpg,12
452,../../data/spectograms/i_feel_it_coming/I_feel_it_coming-Neeha_7.jpg,12
453,../../data/spectograms/i_feel_it_coming/I_feel_it_coming-Neeha_10.jpg,12
454,../../data/spectograms/i_feel_it_coming/I_feel_it_coming-Manvir_3.jpg,12
455,../../data/spectograms/i_feel_it_coming/I_feel_it_coming-Manvir_2.jpg,12
456,../../data/spectograms/i_feel_it_coming/I_feel_it_coming-Neeha_11.jpg,12
457,../../data/spectograms/i_feel_it_coming/I_feel_it_coming-Neeha_6.jpg,12
458,../../data/spectograms/i_feel_it_coming/I_feel_it_coming-Neeha_20.jpg,12
459,../../data/spectograms/i_feel_it_coming/I_feel_it_coming-Neeha_21.jpg,12
460,../../data/spectograms/i_feel_it_coming/I_feel_it_coming-Neeha_8.jpg,12
461,../../data/spectograms/i_feel_it_coming/I_feel_it_coming-Neeha_23.jpg,12
462,../../data/spectograms/i_feel_it_coming/I_feel_it_coming-Neeha_22.jpg,12
463,../../data/spectograms/i_feel_it_coming/I_feel_it_coming-Neeha_9.jpg,12
464,../../data/spectograms/i_feel_it_coming/I_feel_it_coming-Manvir_9.jpg,12
465,../../data/spectograms/i_feel_it_coming/I_feel_it_coming-Manvir_8.jpg,12
466,../../data/spectograms/i_feel_it_coming/I_feel_it_coming-Neeha_19.jpg,12
467,../../data/spectograms/i_feel_it_coming/I_feel_it_coming-Neeha_24.jpg,12
468,../../data/spectograms/i_feel_it_coming/I_feel_it_coming-Neeha_18.jpg,12
469,../../data/spectograms/i_feel_it_coming/I_feel_it_coming-Manvir_10.jpg,12
470,../../data/spectograms/i_feel_it_coming/I_feel_it_coming-Manvir_11.jpg,12
471,../../data/spectograms/i_feel_it_coming/I_feel_it_coming-Manvir_13.jpg,12
472,../../data/spectograms/i_feel_it_coming/I_feel_it_coming-Manvir_12.jpg,12
473,../../data/spectograms/i_feel_it_coming/I_feel_it_coming-Manvir_16.jpg,12
474,../../data/spectograms/i_feel_it_coming/I_feel_it_coming-Manvir_17.jpg,12
475,../../data/spectograms/i_feel_it_coming/I_feel_it_coming-Manvir_15.jpg,12
476,../../data/spectograms/i_feel_it_coming/I_feel_it_coming-Manvir_14.jpg,12
477,../../data/spectograms/die_for_you/Die_for_you-Manvir_21.jpg,15
478,../../data/spectograms/die_for_you/Die_for_you-Manvir_20.jpg,15
479,../../data/spectograms/die_for_you/Die_for_you-Manvir_22.jpg,15
480,../../data/spectograms/die_for_you/Die_for_you-Manvir_23.jpg,15
481,../../data/spectograms/die_for_you/Die_for_you-Manvir_24.jpg,15
482,../../data/spectograms/die_for_you/Die_for_you-Manvir_18.jpg,15
483,../../data/spectograms/die_for_you/Die_for_you-Manvir_19.jpg,15
484,../../data/spectograms/die_for_you/Die_for_you-Manvir_25.jpg,15
485,../../data/spectograms/die_for_you/Die_for_you-Neeha_13.jpg,15
486,../../data/spectograms/die_for_you/Die_for_you-Manvir_0.jpg,15
487,../../data/spectograms/die_for_you/Die_for_you-Manvir_1.jpg,15
488,../../data/spectograms/die_for_you/Die_for_you-Neeha_12.jpg,15
489,../../data/spectograms/die_for_you/Die_for_you-Neeha_10.jpg,15
490,../../data/spectograms/die_for_you/Die_for_you-Manvir_3.jpg,15
491,../../data/spectograms/die_for_you/Die_for_you-Manvir_2.jpg,15
492,../../data/spectograms/die_for_you/Die_for_you-Neeha_11.jpg,15
493,../../data/spectograms/die_for_you/Die_for_you-Neeha_15.jpg,15
494,../../data/spectograms/die_for_you/Die_for_you-Manvir_6.jpg,15
495,../../data/spectograms/die_for_you/Die_for_you-Manvir_7.jpg,15
496,../../data/spectograms/die_for_you/Die_for_you-Neeha_14.jpg,15
497,../../data/spectograms/die_for_you/Die_for_you-Neeha_16.jpg,15
498,../../data/spectograms/die_for_you/Die_for_you-Neeha_8.jpg,15
499,../../data/spectograms/die_for_you/Die_for_you-Manvir_5.jpg,15
500,../../data/spectograms/die_for_you/Die_for_you-Manvir_4.jpg,15
501,../../data/spectograms/die_for_you/Die_for_you-Neeha_9.jpg,15
502,../../data/spectograms/die_for_you/Die_for_you-Neeha_17.jpg,15
503,../../data/spectograms/die_for_you/Die_for_you-Neeha_4.jpg,15
504,../../data/spectograms/die_for_you/Die_for_you-Manvir_9.jpg,15
505,../../data/spectograms/die_for_you/Die_for_you-Manvir_8.jpg,15
506,../../data/spectograms/die_for_you/Die_for_you-Neeha_5.jpg,15
507,../../data/spectograms/die_for_you/Die_for_you-Neeha_19.jpg,15
508,../../data/spectograms/die_for_you/Die_for_you-Neeha_7.jpg,15
509,../../data/spectograms/die_for_you/Die_for_you-Neeha_6.jpg,15
510,../../data/spectograms/die_for_you/Die_for_you-Neeha_18.jpg,15
511,../../data/spectograms/die_for_you/Die_for_you-Neeha_2.jpg,15
512,../../data/spectograms/die_for_you/Die_for_you-Neeha_20.jpg,15
513,../../data/spectograms/die_for_you/Die_for_you-Neeha_21.jpg,15
514,../../data/spectograms/die_for_you/Die_for_you-Neeha_3.jpg,15
515,../../data/spectograms/die_for_you/Die_for_you-Neeha_1.jpg,15
516,../../data/spectograms/die_for_you/Die_for_you-Neeha_0.jpg,15
517,../../data/spectograms/die_for_you/Die_for_you-Manvir_14.jpg,15
518,../../data/spectograms/die_for_you/Die_for_you-Manvir_15.jpg,15
519,../../data/spectograms/die_for_you/Die_for_you-Manvir_17.jpg,15
520,../../data/spectograms/die_for_you/Die_for_you-Manvir_16.jpg,15
521,../../data/spectograms/die_for_you/Die_for_you-Manvir_12.jpg,15
522,../../data/spectograms/die_for_you/Die_for_you-Manvir_13.jpg,15
523,../../data/spectograms/die_for_you/Die_for_you-Manvir_11.jpg,15
524,../../data/spectograms/die_for_you/Die_for_you-Manvir_10.jpg,15
525,../../data/spectograms/married/Married-Neeha_6.jpg,0
526,../../data/spectograms/married/Married-Neeha_7.jpg,0
527,../../data/spectograms/married/Married-Neeha_5.jpg,0
528,../../data/spectograms/married/Married-Neeha_4.jpg,0
529,../../data/spectograms/married/Married-Neeha_0.jpg,0
530,../../data/spectograms/married/Married-Neeha_1.jpg,0
531,../../data/spectograms/married/Married-Neeha_3.jpg,0
532,../../data/spectograms/married/Married-Neeha_2.jpg,0
533,../../data/spectograms/married/Married-Neeha_10.jpg,0
534,../../data/spectograms/married/Married-Manvir_11.jpg,0
535,../../data/spectograms/married/Married-Manvir_3.jpg,0
536,../../data/spectograms/married/Married-Manvir_2.jpg,0
537,../../data/spectograms/married/Married-Manvir_10.jpg,0
538,../../data/spectograms/married/Married-Neeha_11.jpg,0
539,../../data/spectograms/married/Married-Neeha_13.jpg,0
540,../../data/spectograms/married/Married-Manvir_12.jpg,0
541,../../data/spectograms/married/Married-Manvir_0.jpg,0
542,../../data/spectograms/married/Married-Manvir_1.jpg,0
543,../../data/spectograms/married/Married-Manvir_13.jpg,0
544,../../data/spectograms/married/Married-Neeha_12.jpg,0
545,../../data/spectograms/married/Married-Neeha_16.jpg,0
546,../../data/spectograms/married/Married-Manvir_17.jpg,0
547,../../data/spectograms/married/Married-Manvir_5.jpg,0
548,../../data/spectograms/married/Married-Manvir_4.jpg,0
549,../../data/spectograms/married/Married-Manvir_16.jpg,0
550,../../data/spectograms/married/Married-Neeha_17.jpg,0
551,../../data/spectograms/married/Married-Neeha_15.jpg,0
552,../../data/spectograms/married/Married-Manvir_14.jpg,0
553,../../data/spectograms/married/Married-Manvir_6.jpg,0
554,../../data/spectograms/married/Married-Manvir_7.jpg,0
555,../../data/spectograms/married/Married-Manvir_15.jpg,0
556,../../data/spectograms/married/Married-Neeha_14.jpg,0
557,../../data/spectograms/married/Married-Neeha_19.jpg,0
558,../../data/spectograms/married/Married-Manvir_24.jpg,0
559,../../data/spectograms/married/Married-Manvir_18.jpg,0
560,../../data/spectograms/married/Married-Manvir_19.jpg,0
561,../../data/spectograms/married/Married-Manvir_25.jpg,0
562,../../data/spectograms/married/Married-Neeha_18.jpg,0
563,../../data/spectograms/married/Married-Manvir_9.jpg,0
564,../../data/spectograms/married/Married-Manvir_8.jpg,0
565,../../data/spectograms/married/Married-Neeha_23.jpg,0
566,../../data/spectograms/married/Married-Manvir_22.jpg,0
567,../../data/spectograms/married/Married-Manvir_23.jpg,0
568,../../data/spectograms/married/Married-Neeha_22.jpg,0
569,../../data/spectograms/married/Married-Neeha_20.jpg,0
570,../../data/spectograms/married/Married-Manvir_21.jpg,0
571,../../data/spectograms/married/Married-Manvir_20.jpg,0
572,../../data/spectograms/married/Married-Neeha_21.jpg,0
573,../../data/spectograms/married/Married-Neeha_9.jpg,0
574,../../data/spectograms/married/Married-Neeha_8.jpg,0
575,../../data/spectograms/here_we_go_again/Here_we_go_again-Arnav_0.jpg,5
576,../../data/spectograms/here_we_go_again/Here_we_go_again-Shank_15.jpg,5
577,../../data/spectograms/here_we_go_again/Here_we_go_again-Shank_14.jpg,5
578,../../data/spectograms/here_we_go_again/Here_we_go_again-Arnav_1.jpg,5
579,../../data/spectograms/here_we_go_again/Here_we_go_again-Arnav_3.jpg,5
580,../../data/spectograms/here_we_go_again/Here_we_go_again-Shank_16.jpg,5
581,../../data/spectograms/here_we_go_again/Here_we_go_again-Shank_17.jpg,5
582,../../data/spectograms/here_we_go_again/Here_we_go_again-Arnav_2.jpg,5
583,../../data/spectograms/here_we_go_again/Here_we_go_again-Arnav_6.jpg,5
584,../../data/spectograms/here_we_go_again/Here_we_go_again-Shank_13.jpg,5
585,../../data/spectograms/here_we_go_again/Here_we_go_again-1715981728_0.jpg,5
586,../../data/spectograms/here_we_go_again/Here_we_go_again-Shank_12.jpg,5
587,../../data/spectograms/here_we_go_again/Here_we_go_again-Arnav_7.jpg,5
588,../../data/spectograms/here_we_go_again/Here_we_go_again-Arnav_5.jpg,5
589,../../data/spectograms/here_we_go_again/Here_we_go_again-Manvir_9.jpg,5
590,../../data/spectograms/here_we_go_again/Here_we_go_again-Shank_10.jpg,5
591,../../data/spectograms/here_we_go_again/Here_we_go_again-Shank_11.jpg,5
592,../../data/spectograms/here_we_go_again/Here_we_go_again-Manvir_8.jpg,5
593,../../data/spectograms/here_we_go_again/Here_we_go_again-Arnav_4.jpg,5
594,../../data/spectograms/here_we_go_again/Here_we_go_again-Manvir_12.jpg,5
595,../../data/spectograms/here_we_go_again/Here_we_go_again-Neeha_4.jpg,5
596,../../data/spectograms/here_we_go_again/Here_we_go_again-Neeha_5.jpg,5
597,../../data/spectograms/here_we_go_again/Here_we_go_again-Manvir_13.jpg,5
598,../../data/spectograms/here_we_go_again/Here_we_go_again-Manvir_11.jpg,5
599,../../data/spectograms/here_we_go_again/Here_we_go_again-Arnav_18.jpg,5
600,../../data/spectograms/here_we_go_again/Here_we_go_again-1715981773_0.jpg,5
601,../../data/spectograms/here_we_go_again/Here_we_go_again-Neeha_7.jpg,5
602,../../data/spectograms/here_we_go_again/Here_we_go_again-Neeha_6.jpg,5
603,../../data/spectograms/here_we_go_again/Here_we_go_again-Manvir_10.jpg,5
604,../../data/spectograms/here_we_go_again/Here_we_go_again-Manvir_14.jpg,5
605,../../data/spectograms/here_we_go_again/Here_we_go_again-Neeha_2.jpg,5
606,../../data/spectograms/here_we_go_again/Here_we_go_again-Neeha_3.jpg,5
607,../../data/spectograms/here_we_go_again/Here_we_go_again-Manvir_15.jpg,5
608,../../data/spectograms/here_we_go_again/Here_we_go_again-Manvir_17.jpg,5
609,../../data/spectograms/here_we_go_again/Here_we_go_again-Shank_8.jpg,5
610,../../data/spectograms/here_we_go_again/Here_we_go_again-Neeha_1.jpg,5
611,../../data/spectograms/here_we_go_again/Here_we_go_again-Neeha_0.jpg,5
612,../../data/spectograms/here_we_go_again/Here_we_go_again-Shank_9.jpg,5
613,../../data/spectograms/here_we_go_again/Here_we_go_again-Manvir_16.jpg,5
614,../../data/spectograms/here_we_go_again/Here_we_go_again-Arnav_12.jpg,5
615,../../data/spectograms/here_we_go_again/Here_we_go_again-Shank_4.jpg,5
616,../../data/spectograms/here_we_go_again/Here_we_go_again-Shank_5.jpg,5
617,../../data/spectograms/here_we_go_again/Here_we_go_again-Arnav_13.jpg,5
618,../../data/spectograms/here_we_go_again/Here_we_go_again-Manvir_18.jpg,5
619,../../data/spectograms/here_we_go_again/Here_we_go_again-Arnav_11.jpg,5
620,../../data/spectograms/here_we_go_again/Here_we_go_again-Shank_7.jpg,5
621,../../data/spectograms/here_we_go_again/Here_we_go_again-Shank_6.jpg,5
622,../../data/spectograms/here_we_go_again/Here_we_go_again-Arnav_10.jpg,5
623,../../data/spectograms/here_we_go_again/Here_we_go_again-Manvir_19.jpg,5
624,../../data/spectograms/here_we_go_again/Here_we_go_again-Arnav_14.jpg,5
625,../../data/spectograms/here_we_go_again/Here_we_go_again-Shank_2.jpg,5
626,../../data/spectograms/here_we_go_again/Here_we_go_again-Shank_3.jpg,5
627,../../data/spectograms/here_we_go_again/Here_we_go_again-Arnav_15.jpg,5
628,../../data/spectograms/here_we_go_again/Here_we_go_again-Manvir_20.jpg,5
629,../../data/spectograms/here_we_go_again/Here_we_go_again-Arnav_17.jpg,5
630,../../data/spectograms/here_we_go_again/Here_we_go_again-Shank_1.jpg,5
631,../../data/spectograms/here_we_go_again/Here_we_go_again-Neeha_8.jpg,5
632,../../data/spectograms/here_we_go_again/Here_we_go_again-Neeha_9.jpg,5
633,../../data/spectograms/here_we_go_again/Here_we_go_again-Shank_0.jpg,5
634,../../data/spectograms/here_we_go_again/Here_we_go_again-Arnav_16.jpg,5
635,../../data/spectograms/here_we_go_again/Here_we_go_again-1715981759_0.jpg,5
636,../../data/spectograms/here_we_go_again/Here_we_go_again-Arnav_9.jpg,5
637,../../data/spectograms/here_we_go_again/Here_we_go_again-Manvir_5.jpg,5
638,../../data/spectograms/here_we_go_again/Here_we_go_again-Neeha_16.jpg,5
639,../../data/spectograms/here_we_go_again/Here_we_go_again-Neeha_17.jpg,5
640,../../data/spectograms/here_we_go_again/Here_we_go_again-Manvir_4.jpg,5
641,../../data/spectograms/here_we_go_again/Here_we_go_again-Arnav_8.jpg,5
642,../../data/spectograms/here_we_go_again/Here_we_go_again-Manvir_6.jpg,5
643,../../data/spectograms/here_we_go_again/Here_we_go_again-Neeha_15.jpg,5
644,../../data/spectograms/here_we_go_again/Here_we_go_again-1715981745_0.jpg,5
645,../../data/spectograms/here_we_go_again/Here_we_go_again-Neeha_14.jpg,5
646,../../data/spectograms/here_we_go_again/Here_we_go_again-Manvir_7.jpg,5
647,../../data/spectograms/here_we_go_again/Here_we_go_again-Manvir_3.jpg,5
648,../../data/spectograms/here_we_go_again/Here_we_go_again-Neeha_10.jpg,5
649,../../data/spectograms/here_we_go_again/Here_we_go_again-Neeha_11.jpg,5
650,../../data/spectograms/here_we_go_again/Here_we_go_again-Manvir_2.jpg,5
651,../../data/spectograms/here_we_go_again/Here_we_go_again-Manvir_0.jpg,5
652,../../data/spectograms/here_we_go_again/Here_we_go_again-Neeha_13.jpg,5
653,../../data/spectograms/here_we_go_again/Here_we_go_again-Neeha_12.jpg,5
654,../../data/spectograms/here_we_go_again/Here_we_go_again-Manvir_1.jpg,5
655,../../data/spectograms/best_friends/Best_friends-Neeha_4.jpg,3
656,../../data/spectograms/best_friends/Best_friends-Neeha_5.jpg,3
657,../../data/spectograms/best_friends/Best_friends-Neeha_7.jpg,3
658,../../data/spectograms/best_friends/Best_friends-Neeha_6.jpg,3
659,../../data/spectograms/best_friends/Best_friends-Neeha_2.jpg,3
660,../../data/spectograms/best_friends/Best_friends-Neeha_3.jpg,3
661,../../data/spectograms/best_friends/Best_friends-Neeha_1.jpg,3
662,../../data/spectograms/best_friends/Best_friends-Shank_8.jpg,3
663,../../data/spectograms/best_friends/Best_friends-Shank_9.jpg,3
664,../../data/spectograms/best_friends/Best_friends-Neeha_0.jpg,3
665,../../data/spectograms/best_friends/Best_friends-Arnav_0.jpg,3
666,../../data/spectograms/best_friends/Best_friends-Arnav_1.jpg,3
667,../../data/spectograms/best_friends/Best_friends-Arnav_3.jpg,3
668,../../data/spectograms/best_friends/Best_friends-Arnav_2.jpg,3
669,../../data/spectograms/best_friends/Best_friends-Arnav_6.jpg,3
670,../../data/spectograms/best_friends/Best_friends-Arnav_7.jpg,3
671,../../data/spectograms/best_friends/Best_friends-1715981913_0.jpg,3
672,../../data/spectograms/best_friends/Best_friends-Shank_10.jpg,3
673,../../data/spectograms/best_friends/Best_friends-Arnav_5.jpg,3
674,../../data/spectograms/best_friends/Best_friends-Manvir_9.jpg,3
675,../../data/spectograms/best_friends/Best_friends-Manvir_8.jpg,3
676,../../data/spectograms/best_friends/Best_friends-Arnav_4.jpg,3
677,../../data/spectograms/best_friends/Best_friends-Shank_11.jpg,3
678,../../data/spectograms/best_friends/Best_friends-Arnav_9.jpg,3
679,../../data/spectograms/best_friends/Best_friends-Manvir_5.jpg,3
680,../../data/spectograms/best_friends/Best_friends-Manvir_11.jpg,3
681,../../data/spectograms/best_friends/Best_friends-Manvir_4.jpg,3
682,../../data/spectograms/best_friends/Best_friends-Manvir_10.jpg,3
683,../../data/spectograms/best_friends/Best_friends-Arnav_8.jpg,3
684,../../data/spectograms/best_friends/Best_friends-Manvir_12.jpg,3
685,../../data/spectograms/best_friends/Best_friends-Manvir_6.jpg,3
686,../../data/spectograms/best_friends/Best_friends-1715981967_0.jpg,3
687,../../data/spectograms/best_friends/Best_friends-Manvir_13.jpg,3
688,../../data/spectograms/best_friends/Best_friends-Manvir_7.jpg,3
689,../../data/spectograms/best_friends/Best_friends-Neeha_14.jpg,3
690,../../data/spectograms/best_friends/Best_friends-Neeha_10.jpg,3
691,../../data/spectograms/best_friends/Best_friends-Manvir_3.jpg,3
692,../../data/spectograms/best_friends/Best_friends-Manvir_2.jpg,3
693,../../data/spectograms/best_friends/Best_friends-Neeha_11.jpg,3
694,../../data/spectograms/best_friends/Best_friends-Neeha_13.jpg,3
695,../../data/spectograms/best_friends/Best_friends-Manvir_14.jpg,3
696,../../data/spectograms/best_friends/Best_friends-Manvir_0.jpg,3
697,../../data/spectograms/best_friends/Best_friends-Manvir_15.jpg,3
698,../../data/spectograms/best_friends/Best_friends-Manvir_1.jpg,3
699,../../data/spectograms/best_friends/Best_friends-Neeha_12.jpg,3
700,../../data/spectograms/best_friends/Best_friends-Arnav_12.jpg,3
701,../../data/spectograms/best_friends/Best_friends-Shank_4.jpg,3
702,../../data/spectograms/best_friends/Best_friends-Shank_5.jpg,3
703,../../data/spectograms/best_friends/Best_friends-Arnav_13.jpg,3
704,../../data/spectograms/best_friends/Best_friends-Arnav_11.jpg,3
705,../../data/spectograms/best_friends/Best_friends-Shank_7.jpg,3
706,../../data/spectograms/best_friends/Best_friends-Shank_6.jpg,3
707,../../data/spectograms/best_friends/Best_friends-Arnav_10.jpg,3
708,../../data/spectograms/best_friends/Best_friends-Shank_2.jpg,3
709,../../data/spectograms/best_friends/Best_friends-Shank_3.jpg,3
710,../../data/spectograms/best_friends/Best_friends-1715981899_0.jpg,3
711,../../data/spectograms/best_friends/Best_friends-Neeha_8.jpg,3
712,../../data/spectograms/best_friends/Best_friends-Shank_1.jpg,3
713,../../data/spectograms/best_friends/Best_friends-Shank_0.jpg,3
714,../../data/spectograms/best_friends/Best_friends-1715981927_0.jpg,3
715,../../data/spectograms/best_friends/Best_friends-Neeha_9.jpg,3
716,../../data/spectograms/blinding_lights/Blinding_lights-Neeha_6.jpg,16
717,../../data/spectograms/blinding_lights/Blinding_lights-Manvir_9.jpg,16
718,../../data/spectograms/blinding_lights/Blinding_lights-Manvir_8.jpg,16
719,../../data/spectograms/blinding_lights/Blinding_lights-Neeha_7.jpg,16
720,../../data/spectograms/blinding_lights/Blinding_lights-Neeha_5.jpg,16
721,../../data/spectograms/blinding_lights/Blinding_lights-Manvir_18.jpg,16
722,../../data/spectograms/blinding_lights/Blinding_lights-Neeha_18.jpg,16
723,../../data/spectograms/blinding_lights/Blinding_lights-Manvir_19.jpg,16
724,../../data/spectograms/blinding_lights/Blinding_lights-Neeha_4.jpg,16
725,../../data/spectograms/blinding_lights/Blinding_lights-Neeha_0.jpg,16
726,../../data/spectograms/blinding_lights/Blinding_lights-Neeha_1.jpg,16
727,../../data/spectograms/blinding_lights/Blinding_lights-Neeha_3.jpg,16
728,../../data/spectograms/blinding_lights/Blinding_lights-Neeha_2.jpg,16
729,../../data/spectograms/blinding_lights/Blinding_lights-Manvir_0.jpg,16
730,../../data/spectograms/blinding_lights/Blinding_lights-Manvir_12.jpg,16
731,../../data/spectograms/blinding_lights/Blinding_lights-Neeha_13.jpg,16
732,../../data/spectograms/blinding_lights/Blinding_lights-Neeha_12.jpg,16
733,../../data/spectograms/blinding_lights/Blinding_lights-Manvir_13.jpg,16
734,../../data/spectograms/blinding_lights/Blinding_lights-Manvir_1.jpg,16
735,../../data/spectograms/blinding_lights/Blinding_lights-Manvir_3.jpg,16
736,../../data/spectograms/blinding_lights/Blinding_lights-Manvir_11.jpg,16
737,../../data/spectograms/blinding_lights/Blinding_lights-Neeha_10.jpg,16
738,../../data/spectograms/blinding_lights/Blinding_lights-Neeha_11.jpg,16
739,../../data/spectograms/blinding_lights/Blinding_lights-Manvir_10.jpg,16
740,../../data/spectograms/blinding_lights/Blinding_lights-Manvir_2.jpg,16
741,../../data/spectograms/blinding_lights/Blinding_lights-Neeha_9.jpg,16
742,../../data/spectograms/blinding_lights/Blinding_lights-Manvir_6.jpg,16
743,../../data/spectograms/blinding_lights/Blinding_lights-Manvir_14.jpg,16
744,../../data/spectograms/blinding_lights/Blinding_lights-Neeha_15.jpg,16
745,../../data/spectograms/blinding_lights/Blinding_lights-Neeha_14.jpg,16
746,../../data/spectograms/blinding_lights/Blinding_lights-Manvir_15.jpg,16
747,../../data/spectograms/blinding_lights/Blinding_lights-Manvir_7.jpg,16
748,../../data/spectograms/blinding_lights/Blinding_lights-Neeha_8.jpg,16
749,../../data/spectograms/blinding_lights/Blinding_lights-Manvir_5.jpg,16
750,../../data/spectograms/blinding_lights/Blinding_lights-Manvir_17.jpg,16
751,../../data/spectograms/blinding_lights/Blinding_lights-Neeha_16.jpg,16
752,../../data/spectograms/blinding_lights/Blinding_lights-Neeha_17.jpg,16
753,../../data/spectograms/blinding_lights/Blinding_lights-Manvir_16.jpg,16
754,../../data/spectograms/blinding_lights/Blinding_lights-Manvir_4.jpg,16
755,../../data/spectograms/out_of_time/Out_of_time-Neeha_5.jpg,7
756,../../data/spectograms/out_of_time/Out_of_time-Shank_12.jpg,7
757,../../data/spectograms/out_of_time/Out_of_time-Shank_13.jpg,7
758,../../data/spectograms/out_of_time/Out_of_time-Neeha_4.jpg,7
759,../../data/spectograms/out_of_time/Out_of_time-Manvir_8.jpg,7
760,../../data/spectograms/out_of_time/Out_of_time-1715980805_0.jpg,7
761,../../data/spectograms/out_of_time/Out_of_time-Neeha_6.jpg,7
762,../../data/spectograms/out_of_time/Out_of_time-Shank_11.jpg,7
763,../../data/spectograms/out_of_time/Out_of_time-Shank_10.jpg,7
764,../../data/spectograms/out_of_time/Out_of_time-Neeha_7.jpg,7
765,../../data/spectograms/out_of_time/Out_of_time-Manvir_9.jpg,7
766,../../data/spectograms/out_of_time/Out_of_time-Neeha_3.jpg,7
767,../../data/spectograms/out_of_time/Out_of_time-Shank_14.jpg,7
768,../../data/spectograms/out_of_time/Out_of_time-Shank_15.jpg,7
769,../../data/spectograms/out_of_time/Out_of_time-1715980792_0.jpg,7
770,../../data/spectograms/out_of_time/Out_of_time-Neeha_2.jpg,7
771,../../data/spectograms/out_of_time/Out_of_time-Neeha_0.jpg,7
772,../../data/spectograms/out_of_time/Out_of_time-Shank_9.jpg,7
773,../../data/spectograms/out_of_time/Out_of_time-Shank_16.jpg,7
774,../../data/spectograms/out_of_time/Out_of_time-Shank_8.jpg,7
775,../../data/spectograms/out_of_time/Out_of_time-Neeha_1.jpg,7
776,../../data/spectograms/out_of_time/Out_of_time-Arnav_1.jpg,7
777,../../data/spectograms/out_of_time/Out_of_time-Manvir_12.jpg,7
778,../../data/spectograms/out_of_time/Out_of_time-Manvir_13.jpg,7
779,../../data/spectograms/out_of_time/Out_of_time-Arnav_0.jpg,7
780,../../data/spectograms/out_of_time/Out_of_time-Arnav_2.jpg,7
781,../../data/spectograms/out_of_time/Out_of_time-1715977896_0.jpg,7
782,../../data/spectograms/out_of_time/Out_of_time-Manvir_11.jpg,7
783,../../data/spectograms/out_of_time/Out_of_time-Manvir_10.jpg,7
784,../../data/spectograms/out_of_time/Out_of_time-Arnav_3.jpg,7
785,../../data/spectograms/out_of_time/Out_of_time-Arnav_7.jpg,7
786,../../data/spectograms/out_of_time/Out_of_time-Manvir_14.jpg,7
787,../../data/spectograms/out_of_time/Out_of_time-Manvir_15.jpg,7
788,../../data/spectograms/out_of_time/Out_of_time-Arnav_6.jpg,7
789,../../data/spectograms/out_of_time/Out_of_time-1715981513_0.jpg,7
790,../../data/spectograms/out_of_time/Out_of_time-Arnav_4.jpg,7
791,../../data/spectograms/out_of_time/Out_of_time-Manvir_17.jpg,7
792,../../data/spectograms/out_of_time/Out_of_time-Manvir_16.jpg,7
793,../../data/spectograms/out_of_time/Out_of_time-Arnav_5.jpg,7
794,../../data/spectograms/out_of_time/Out_of_time-Arnav_15.jpg,7
795,../../data/spectograms/out_of_time/Out_of_time-Arnav_8.jpg,7
796,../../data/spectograms/out_of_time/Out_of_time-Arnav_9.jpg,7
797,../../data/spectograms/out_of_time/Out_of_time-Arnav_14.jpg,7
798,../../data/spectograms/out_of_time/Out_of_time-Arnav_16.jpg,7
799,../../data/spectograms/out_of_time/Out_of_time-Manvir_18.jpg,7
800,../../data/spectograms/out_of_time/Out_of_time-1715980779_0.jpg,7
801,../../data/spectograms/out_of_time/Out_of_time-1715981541_0.jpg,7
802,../../data/spectograms/out_of_time/Out_of_time-Manvir_19.jpg,7
803,../../data/spectograms/out_of_time/Out_of_time-Arnav_17.jpg,7
804,../../data/spectograms/out_of_time/Out_of_time-Arnav_13.jpg,7
805,../../data/spectograms/out_of_time/Out_of_time-1715981500_0.jpg,7
806,../../data/spectograms/out_of_time/Out_of_time-Manvir_20.jpg,7
807,../../data/spectograms/out_of_time/Out_of_time-Arnav_12.jpg,7
808,../../data/spectograms/out_of_time/Out_of_time-Arnav_10.jpg,7
809,../../data/spectograms/out_of_time/Out_of_time-1715981526_0.jpg,7
810,../../data/spectograms/out_of_time/Out_of_time-Arnav_11.jpg,7
811,../../data/spectograms/out_of_time/Out_of_time-Manvir_2.jpg,7
812,../../data/spectograms/out_of_time/Out_of_time-Neeha_11.jpg,7
813,../../data/spectograms/out_of_time/Out_of_time-Shank_5.jpg,7
814,../../data/spectograms/out_of_time/Out_of_time-Shank_4.jpg,7
815,../../data/spectograms/out_of_time/Out_of_time-1715980761_0.jpg,7
816,../../data/spectograms/out_of_time/Out_of_time-Neeha_10.jpg,7
817,../../data/spectograms/out_of_time/Out_of_time-Manvir_3.jpg,7
818,../../data/spectograms/out_of_time/Out_of_time-Manvir_1.jpg,7
819,../../data/spectograms/out_of_time/Out_of_time-Neeha_12.jpg,7
820,../../data/spectograms/out_of_time/Out_of_time-Shank_6.jpg,7
821,../../data/spectograms/out_of_time/Out_of_time-Shank_7.jpg,7
822,../../data/spectograms/out_of_time/Out_of_time-Neeha_13.jpg,7
823,../../data/spectograms/out_of_time/Out_of_time-Manvir_0.jpg,7
824,../../data/spectograms/out_of_time/Out_of_time-Manvir_4.jpg,7
825,../../data/spectograms/out_of_time/Out_of_time-Neeha_17.jpg,7
826,../../data/spectograms/out_of_time/Out_of_time-Shank_3.jpg,7
827,../../data/spectograms/out_of_time/Out_of_time-Shank_2.jpg,7
828,../../data/spectograms/out_of_time/Out_of_time-Neeha_16.jpg,7
829,../../data/spectograms/out_of_time/Out_of_time-Manvir_5.jpg,7
830,../../data/spectograms/out_of_time/Out_of_time-Manvir_7.jpg,7
831,../../data/spectograms/out_of_time/Out_of_time-Neeha_9.jpg,7
832,../../data/spectograms/out_of_time/Out_of_time-Neeha_14.jpg,7
833,../../data/spectograms/out_of_time/Out_of_time-Shank_0.jpg,7
834,../../data/spectograms/out_of_time/Out_of_time-Shank_1.jpg,7
835,../../data/spectograms/out_of_time/Out_of_time-Neeha_15.jpg,7
836,../../data/spectograms/out_of_time/Out_of_time-Neeha_8.jpg,7
837,../../data/spectograms/out_of_time/Out_of_time-Manvir_6.jpg,7
838,../../data/spectograms/love_me/Love_me-Arnav_9.jpg,2
839,../../data/spectograms/love_me/Love_me-Likita_14.jpg,2
840,../../data/spectograms/love_me/Love_me-Arnav_8.jpg,2
841,../../data/spectograms/love_me/Love_me-1715979834_0.jpg,2
842,../../data/spectograms/love_me/Love_me-1715978720_0.jpg,2
843,../../data/spectograms/love_me/Love_me-Likita_13.jpg,2
844,../../data/spectograms/love_me/Love_me-Likita_12.jpg,2
845,../../data/spectograms/love_me/Love_me-1715979848_0.jpg,2
846,../../data/spectograms/love_me/Love_me-Likita_10.jpg,2
847,../../data/spectograms/love_me/Love_me-Likita_11.jpg,2
848,../../data/spectograms/love_me/Love_me-Shank_4.jpg,2
849,../../data/spectograms/love_me/Love_me-Likita_1.jpg,2
850,../../data/spectograms/love_me/Love_me-Shank_5.jpg,2
851,../../data/spectograms/love_me/Love_me-Likita_0.jpg,2
852,../../data/spectograms/love_me/Love_me-Likita_2.jpg,2
853,../../data/spectograms/love_me/Love_me-Shank_7.jpg,2
854,../../data/spectograms/love_me/Love_me-Likita_3.jpg,2
855,../../data/spectograms/love_me/Love_me-Shank_6.jpg,2
856,../../data/spectograms/love_me/Love_me-1715979808_0.jpg,2
857,../../data/spectograms/love_me/Love_me-1715977712_0.jpg,2
858,../../data/spectograms/love_me/Love_me-Shank_2.jpg,2
859,../../data/spectograms/love_me/Love_me-Likita_7.jpg,2
860,../../data/spectograms/love_me/Love_me-Shank_13.jpg,2
861,../../data/spectograms/love_me/Love_me-Shank_12.jpg,2
862,../../data/spectograms/love_me/Love_me-Shank_3.jpg,2
863,../../data/spectograms/love_me/Love_me-Likita_6.jpg,2
864,../../data/spectograms/love_me/Love_me-1715978699_0.jpg,2
865,../../data/spectograms/love_me/Love_me-Manvir_9.jpg,2
866,../../data/spectograms/love_me/Love_me-Shank_10.jpg,2
867,../../data/spectograms/love_me/Love_me-Likita_4.jpg,2
868,../../data/spectograms/love_me/Love_me-Shank_1.jpg,2
869,../../data/spectograms/love_me/Love_me-Neeha_8.jpg,2
870,../../data/spectograms/love_me/Love_me-Neeha_9.jpg,2
871,../../data/spectograms/love_me/Love_me-Likita_5.jpg,2
872,../../data/spectograms/love_me/Love_me-Shank_0.jpg,2
873,../../data/spectograms/love_me/Love_me-Shank_11.jpg,2
874,../../data/spectograms/love_me/Love_me-Manvir_8.jpg,2
875,../../data/spectograms/love_me/Love_me-Manvir_5.jpg,2
876,../../data/spectograms/love_me/Love_me-Likita_8.jpg,2
877,../../data/spectograms/love_me/Love_me-Manvir_12.jpg,2
878,../../data/spectograms/love_me/Love_me-Neeha_4.jpg,2
879,../../data/spectograms/love_me/Love_me-Neeha_5.jpg,2
880,../../data/spectograms/love_me/Love_me-1715978748_0.jpg,2
881,../../data/spectograms/love_me/Love_me-Likita_9.jpg,2
882,../../data/spectograms/love_me/Love_me-Manvir_13.jpg,2
883,../../data/spectograms/love_me/Love_me-Manvir_4.jpg,2
884,../../data/spectograms/love_me/Love_me-Manvir_6.jpg,2
885,../../data/spectograms/love_me/Love_me-Manvir_11.jpg,2
886,../../data/spectograms/love_me/Love_me-Neeha_7.jpg,2
887,../../data/spectograms/love_me/Love_me-Neeha_6.jpg,2
888,../../data/spectograms/love_me/Love_me-Manvir_10.jpg,2
889,../../data/spectograms/love_me/Love_me-Manvir_7.jpg,2
890,../../data/spectograms/love_me/Love_me-Manvir_3.jpg,2
891,../../data/spectograms/love_me/Love_me-Neeha_10.jpg,2
892,../../data/spectograms/love_me/Love_me-Neeha_2.jpg,2
893,../../data/spectograms/love_me/Love_me-Neeha_3.jpg,2
894,../../data/spectograms/love_me/Love_me-Neeha_11.jpg,2
895,../../data/spectograms/love_me/Love_me-Manvir_2.jpg,2
896,../../data/spectograms/love_me/Love_me-Manvir_0.jpg,2
897,../../data/spectograms/love_me/Love_me-Shank_8.jpg,2
898,../../data/spectograms/love_me/Love_me-Neeha_13.jpg,2
899,../../data/spectograms/love_me/Love_me-Neeha_1.jpg,2
900,../../data/spectograms/love_me/Love_me-Neeha_0.jpg,2
901,../../data/spectograms/love_me/Love_me-Neeha_12.jpg,2
902,../../data/spectograms/love_me/Love_me-Shank_9.jpg,2
903,../../data/spectograms/love_me/Love_me-Manvir_1.jpg,2
904,../../data/spectograms/love_me/Love_me-Arnav_0.jpg,2
905,../../data/spectograms/love_me/Love_me-Arnav_12.jpg,2
906,../../data/spectograms/love_me/Love_me-Arnav_13.jpg,2
907,../../data/spectograms/love_me/Love_me-Arnav_1.jpg,2
908,../../data/spectograms/love_me/Love_me-Arnav_3.jpg,2
909,../../data/spectograms/love_me/Love_me-Arnav_11.jpg,2
910,../../data/spectograms/love_me/Love_me-Arnav_10.jpg,2
911,../../data/spectograms/love_me/Love_me-Arnav_2.jpg,2
912,../../data/spectograms/love_me/Love_me-Arnav_6.jpg,2
913,../../data/spectograms/love_me/Love_me-Arnav_14.jpg,2
914,../../data/spectograms/love_me/Love_me-1715978769_0.jpg,2
915,../../data/spectograms/love_me/Love_me-Arnav_7.jpg,2
916,../../data/spectograms/love_me/Love_me-Arnav_5.jpg,2
917,../../data/spectograms/love_me/Love_me-1715979821_0.jpg,2
918,../../data/spectograms/love_me/Love_me-Arnav_4.jpg,2
919,../../data/spectograms/someone_else/Someone_else-Manvir_4.jpg,9
920,../../data/spectograms/someone_else/Someone_else-Neeha_17.jpg,9
921,../../data/spectograms/someone_else/Someone_else-Neeha_16.jpg,9
922,../../data/spectograms/someone_else/Someone_else-Manvir_5.jpg,9
923,../../data/spectograms/someone_else/Someone_else-Manvir_7.jpg,9
924,../../data/spectograms/someone_else/Someone_else-Neeha_14.jpg,9
925,../../data/spectograms/someone_else/Someone_else-Neeha_15.jpg,9
926,../../data/spectograms/someone_else/Someone_else-Manvir_6.jpg,9
927,../../data/spectograms/someone_else/Someone_else-Manvir_2.jpg,9
928,../../data/spectograms/someone_else/Someone_else-Neeha_11.jpg,9
929,../../data/spectograms/someone_else/Someone_else-Neeha_10.jpg,9
930,../../data/spectograms/someone_else/Someone_else-Manvir_3.jpg,9
931,../../data/spectograms/someone_else/Someone_else-Manvir_1.jpg,9
932,../../data/spectograms/someone_else/Someone_else-Neeha_12.jpg,9
933,../../data/spectograms/someone_else/Someone_else-1715980602_0.jpg,9
934,../../data/spectograms/someone_else/Someone_else-Neeha_13.jpg,9
935,../../data/spectograms/someone_else/Someone_else-Manvir_0.jpg,9
936,../../data/spectograms/someone_else/Someone_else-Manvir_10.jpg,9
937,../../data/spectograms/someone_else/Someone_else-Neeha_6.jpg,9
938,../../data/spectograms/someone_else/Someone_else-Neeha_7.jpg,9
939,../../data/spectograms/someone_else/Someone_else-Manvir_11.jpg,9
940,../../data/spectograms/someone_else/Someone_else-Manvir_13.jpg,9
941,../../data/spectograms/someone_else/Someone_else-1715977939_0.jpg,9
942,../../data/spectograms/someone_else/Someone_else-Neeha_5.jpg,9
943,../../data/spectograms/someone_else/Someone_else-Neeha_4.jpg,9
944,../../data/spectograms/someone_else/Someone_else-Manvir_12.jpg,9
945,../../data/spectograms/someone_else/Someone_else-Manvir_16.jpg,9
946,../../data/spectograms/someone_else/Someone_else-Neeha_0.jpg,9
947,../../data/spectograms/someone_else/Someone_else-Neeha_1.jpg,9
948,../../data/spectograms/someone_else/Someone_else-Manvir_17.jpg,9
949,../../data/spectograms/someone_else/Someone_else-Manvir_15.jpg,9
950,../../data/spectograms/someone_else/Someone_else-Neeha_3.jpg,9
951,../../data/spectograms/someone_else/Someone_else-Neeha_2.jpg,9
952,../../data/spectograms/someone_else/Someone_else-1715980644_0.jpg,9
953,../../data/spectograms/someone_else/Someone_else-Manvir_14.jpg,9
954,../../data/spectograms/someone_else/Someone_else-Manvir_19.jpg,9
955,../../data/spectograms/someone_else/Someone_else-1715980630_0.jpg,9
956,../../data/spectograms/someone_else/Someone_else-Manvir_18.jpg,9
957,../../data/spectograms/someone_else/Someone_else-1715980616_0.jpg,9
958,../../data/spectograms/someone_else/Someone_else-Neeha_9.jpg,9
959,../../data/spectograms/someone_else/Someone_else-Neeha_8.jpg,9
960,../../data/spectograms/someone_else/Someone_else-Neeha_18.jpg,9
961,../../data/spectograms/someone_else/Someone_else-Manvir_8.jpg,9
962,../../data/spectograms/someone_else/Someone_else-Manvir_9.jpg,9
